,y,y_next,y_pred
0,0.0,0.0,0.0
1,0.0,0.0,0.0
2,0.0,0.0,0.0
3,0.0,0.0,0.0
4,0.0,0.0,0.0
5,0.0,0.0,0.0
6,0.0,0.0,0.0
7,0.0,0.0,0.0
8,0.0,0.0,0.0
9,0.0,0.0,0.0
10,0.0,0.0,0.0
12,0.0,0.0,0.0
13,0.0,0.0,0.0
14,0.0,0.0,0.0
15,0.0,0.0,0.0
16,0.0,0.0,0.0
17,0.0,0.0,0.0
18,0.0,0.0,0.0
19,0.0,0.0,0.0
20,0.0,0.0,0.0
21,0.0,0.0,0.0
22,0.0,0.0,0.0
24,0.0,0.0,0.0
25,0.0,0.0,0.0
26,0.0,0.0,0.0
27,0.0,0.0,0.0
28,0.0,0.0,0.0
29,0.0,0.0,0.0
30,0.0,0.0,0.0
31,0.0,0.0,0.0
32,0.0,0.0,0.0
33,0.0,0.0,0.0
34,0.0,0.0,0.0
36,0.0,0.0,0.0
37,0.0,0.0,0.0
38,0.0,0.0,0.0
39,0.0,0.0,0.0
40,0.0,0.0,0.0
41,0.0,0.0,0.0
42,0.0,0.0,0.0
43,0.0,0.0,0.0
44,0.0,0.0,0.0
45,0.0,0.0,0.0
46,0.0,0.0,0.0
48,0.0,0.0,0.0
49,0.0,0.0,0.0
50,0.0,0.0,0.0
51,0.0,0.0,0.0
52,0.0,0.0,0.0
53,0.0,0.0,0.0
54,0.0,0.0,0.0
55,0.0,0.0,0.0
56,0.0,0.0,0.0
57,0.0,0.0,0.0
58,0.0,0.0,0.0
60,0.0,0.0,0.0
61,0.0,0.0,0.0
62,0.0,0.0,0.0
63,0.0,1.0,0.0
64,1.0,3.0,3.0
65,3.0,3.0,2.0
66,3.0,3.0,2.0
67,3.0,2.0,2.0
68,2.0,1.0,1.0
69,1.0,3.0,3.0
70,3.0,3.0,2.0
72,0.0,0.0,0.0
73,0.0,0.0,0.0
74,0.0,0.0,0.0
75,0.0,0.0,0.0
76,0.0,0.0,0.0
77,0.0,0.0,0.0
78,0.0,0.0,0.0
79,0.0,0.0,0.0
80,0.0,0.0,0.0
81,0.0,0.0,0.0
82,0.0,0.0,0.0
84,0.0,0.0,0.0
85,0.0,0.0,0.0
86,0.0,0.0,0.0
87,0.0,0.0,0.0
88,0.0,0.0,0.0
89,0.0,0.0,0.0
90,0.0,0.0,0.0
91,0.0,0.0,0.0
92,0.0,0.0,0.0
93,0.0,0.0,0.0
94,0.0,0.0,0.0
96,0.0,0.0,0.0
97,0.0,0.0,0.0
98,0.0,0.0,0.0
99,0.0,1.0,0.0
100,1.0,3.0,3.0
101,3.0,3.0,2.0
102,3.0,3.0,2.0
103,3.0,2.0,2.0
104,2.0,1.0,1.0
105,1.0,3.0,3.0
106,3.0,2.0,2.0
108,0.0,0.0,0.0
109,0.0,0.0,0.0
110,0.0,0.0,0.0
111,0.0,0.0,0.0
112,0.0,0.0,0.0
113,0.0,0.0,0.0
114,0.0,0.0,0.0
115,0.0,0.0,0.0
116,0.0,0.0,0.0
117,0.0,0.0,0.0
118,0.0,0.0,0.0
120,0.0,0.0,0.0
121,0.0,0.0,0.0
122,0.0,0.0,0.0
123,0.0,0.0,0.0
124,0.0,0.0,0.0
125,0.0,0.0,0.0
126,0.0,0.0,0.0
127,0.0,0.0,0.0
128,0.0,0.0,0.0
129,0.0,1.0,0.0
130,1.0,2.0,3.0
132,0.0,0.0,0.0
133,0.0,0.0,0.0
134,0.0,0.0,0.0
135,0.0,0.0,0.0
136,0.0,0.0,0.0
137,0.0,0.0,0.0
138,0.0,0.0,0.0
139,0.0,0.0,0.0
140,0.0,0.0,0.0
141,0.0,0.0,0.0
142,0.0,0.0,0.0
144,0.0,0.0,0.0
145,0.0,0.0,0.0
146,0.0,0.0,0.0
147,0.0,0.0,0.0
148,0.0,0.0,0.0
149,0.0,0.0,0.0
150,0.0,0.0,0.0
151,0.0,0.0,0.0
152,0.0,0.0,0.0
153,0.0,0.0,0.0
154,0.0,0.0,0.0
156,0.0,0.0,0.0
157,0.0,0.0,0.0
158,0.0,0.0,0.0
159,0.0,0.0,0.0
160,0.0,0.0,0.0
161,0.0,0.0,0.0
162,0.0,0.0,0.0
163,0.0,0.0,0.0
164,0.0,0.0,0.0
165,0.0,0.0,0.0
166,0.0,0.0,0.0
168,0.0,0.0,0.0
169,0.0,0.0,0.0
170,0.0,0.0,0.0
171,0.0,0.0,0.0
172,0.0,0.0,0.0
173,0.0,0.0,0.0
174,0.0,0.0,0.0
175,0.0,0.0,0.0
176,0.0,0.0,0.0
177,0.0,0.0,0.0
178,0.0,0.0,0.0
180,0.0,0.0,0.0
181,0.0,0.0,0.0
182,0.0,0.0,0.0
183,0.0,0.0,0.0
184,0.0,0.0,0.0
185,0.0,0.0,0.0
186,0.0,0.0,0.0
187,0.0,0.0,0.0
188,0.0,0.0,0.0
189,0.0,0.0,0.0
190,0.0,0.0,0.0
192,0.0,0.0,0.0
193,0.0,0.0,0.0
194,0.0,0.0,0.0
195,0.0,0.0,0.0
196,0.0,0.0,0.0
197,0.0,0.0,0.0
198,0.0,0.0,0.0
199,0.0,0.0,0.0
200,0.0,0.0,0.0
201,0.0,0.0,0.0
202,0.0,0.0,0.0
204,0.0,0.0,0.0
205,0.0,0.0,0.0
206,0.0,0.0,0.0
207,0.0,0.0,0.0
208,0.0,0.0,0.0
209,0.0,0.0,0.0
210,0.0,0.0,0.0
211,0.0,0.0,0.0
212,0.0,0.0,0.0
213,0.0,0.0,0.0
214,0.0,0.0,0.0
216,0.0,0.0,0.0
217,0.0,0.0,0.0
218,0.0,0.0,0.0
219,0.0,0.0,0.0
220,0.0,0.0,0.0
221,0.0,0.0,0.0
222,0.0,0.0,0.0
223,0.0,0.0,0.0
224,0.0,0.0,0.0
225,0.0,0.0,0.0
226,0.0,0.0,0.0
228,0.0,0.0,0.0
229,0.0,0.0,0.0
230,0.0,0.0,0.0
231,0.0,0.0,0.0
232,0.0,0.0,0.0
233,0.0,0.0,0.0
234,0.0,0.0,0.0
235,0.0,0.0,0.0
236,0.0,0.0,0.0
237,0.0,0.0,0.0
238,0.0,0.0,0.0
240,0.0,0.0,0.0
241,0.0,0.0,0.0
242,0.0,0.0,0.0
243,0.0,0.0,0.0
244,0.0,0.0,0.0
245,0.0,0.0,0.0
246,0.0,0.0,0.0
247,0.0,0.0,0.0
248,0.0,0.0,0.0
249,0.0,0.0,0.0
250,0.0,0.0,0.0
252,0.0,0.0,0.0
253,0.0,0.0,0.0
254,0.0,0.0,0.0
255,0.0,0.0,0.0
256,0.0,0.0,0.0
257,0.0,0.0,0.0
258,0.0,0.0,0.0
259,0.0,0.0,0.0
260,0.0,0.0,0.0
261,0.0,0.0,0.0
262,0.0,0.0,0.0
264,0.0,0.0,0.0
265,0.0,0.0,0.0
266,0.0,0.0,0.0
267,0.0,0.0,0.0
268,0.0,0.0,0.0
269,0.0,0.0,0.0
270,0.0,0.0,0.0
271,0.0,0.0,0.0
272,0.0,0.0,0.0
273,0.0,0.0,0.0
274,0.0,0.0,0.0
276,0.0,0.0,0.0
277,0.0,0.0,0.0
278,0.0,0.0,0.0
279,0.0,0.0,0.0
280,0.0,0.0,0.0
281,0.0,0.0,0.0
282,0.0,0.0,0.0
283,0.0,0.0,0.0
284,0.0,0.0,0.0
285,0.0,0.0,0.0
286,0.0,0.0,0.0
288,0.0,0.0,0.0
289,0.0,0.0,0.0
290,0.0,0.0,0.0
291,0.0,0.0,0.0
292,0.0,0.0,0.0
293,0.0,0.0,0.0
294,0.0,0.0,0.0
295,0.0,0.0,0.0
296,0.0,0.0,0.0
297,0.0,0.0,0.0
298,0.0,0.0,0.0
300,0.0,0.0,0.0
301,0.0,0.0,0.0
302,0.0,1.0,0.0
303,1.0,3.0,3.0
304,3.0,2.0,2.0
305,2.0,1.0,1.0
306,1.0,2.0,3.0
307,2.0,1.0,1.0
308,1.0,2.0,3.0
309,2.0,1.0,1.0
310,1.0,3.0,3.0
312,0.0,1.0,0.0
313,1.0,2.0,3.0
314,2.0,2.0,1.0
315,2.0,1.0,1.0
316,1.0,1.0,3.0
317,1.0,3.0,3.0
318,3.0,3.0,2.0
319,3.0,2.0,2.0
320,2.0,3.0,1.0
321,3.0,2.0,2.0
322,2.0,1.0,1.0
324,0.0,0.0,0.0
325,0.0,0.0,0.0
326,0.0,0.0,0.0
327,0.0,0.0,0.0
328,0.0,0.0,0.0
329,0.0,0.0,0.0
330,0.0,0.0,0.0
331,0.0,0.0,0.0
332,0.0,0.0,0.0
333,0.0,0.0,0.0
334,0.0,0.0,0.0
336,0.0,0.0,0.0
337,0.0,0.0,0.0
338,0.0,0.0,0.0
339,0.0,0.0,0.0
340,0.0,0.0,0.0
341,0.0,0.0,0.0
342,0.0,0.0,0.0
343,0.0,0.0,0.0
344,0.0,0.0,0.0
345,0.0,0.0,0.0
346,0.0,0.0,0.0
348,0.0,0.0,0.0
349,0.0,0.0,0.0
350,0.0,0.0,0.0
351,0.0,0.0,0.0
352,0.0,0.0,0.0
353,0.0,0.0,0.0
354,0.0,1.0,0.0
355,1.0,3.0,3.0
356,3.0,3.0,2.0
357,3.0,3.0,2.0
358,3.0,3.0,2.0
360,0.0,0.0,0.0
361,0.0,0.0,0.0
362,0.0,0.0,0.0
363,0.0,0.0,0.0
364,0.0,0.0,0.0
365,0.0,0.0,0.0
366,0.0,1.0,0.0
367,1.0,1.0,3.0
368,1.0,3.0,3.0
369,3.0,3.0,2.0
370,3.0,2.0,2.0
372,0.0,0.0,0.0
373,0.0,0.0,0.0
374,0.0,0.0,0.0
375,0.0,0.0,0.0
376,0.0,0.0,0.0
377,0.0,0.0,0.0
378,0.0,0.0,0.0
379,0.0,0.0,0.0
380,0.0,0.0,0.0
381,0.0,0.0,0.0
382,0.0,0.0,0.0
384,0.0,0.0,0.0
385,0.0,0.0,0.0
386,0.0,1.0,0.0
387,1.0,1.0,3.0
388,1.0,3.0,3.0
389,3.0,3.0,2.0
390,3.0,3.0,2.0
391,3.0,3.0,2.0
392,3.0,3.0,2.0
393,3.0,2.0,2.0
394,2.0,1.0,1.0
396,0.0,0.0,0.0
397,0.0,0.0,0.0
398,0.0,0.0,0.0
399,0.0,0.0,0.0
400,0.0,0.0,0.0
401,0.0,0.0,0.0
402,0.0,0.0,0.0
403,0.0,0.0,0.0
404,0.0,0.0,0.0
405,0.0,0.0,0.0
406,0.0,0.0,0.0
408,0.0,0.0,0.0
409,0.0,0.0,0.0
410,0.0,0.0,0.0
411,0.0,0.0,0.0
412,0.0,0.0,0.0
413,0.0,0.0,0.0
414,0.0,0.0,0.0
415,0.0,0.0,0.0
416,0.0,0.0,0.0
417,0.0,0.0,0.0
418,0.0,0.0,0.0
420,0.0,0.0,0.0
421,0.0,0.0,0.0
422,0.0,0.0,0.0
423,0.0,0.0,0.0
424,0.0,0.0,0.0
425,0.0,0.0,0.0
426,0.0,0.0,0.0
427,0.0,0.0,0.0
428,0.0,0.0,0.0
429,0.0,0.0,0.0
430,0.0,0.0,0.0
432,0.0,0.0,0.0
433,0.0,0.0,0.0
434,0.0,0.0,0.0
435,0.0,0.0,0.0
436,0.0,0.0,0.0
437,0.0,1.0,0.0
438,1.0,3.0,3.0
439,3.0,3.0,2.0
440,3.0,2.0,2.0
441,2.0,3.0,1.0
442,3.0,2.0,2.0
444,0.0,0.0,0.0
445,0.0,0.0,0.0
446,0.0,0.0,0.0
447,0.0,0.0,0.0
448,0.0,0.0,0.0
449,0.0,0.0,0.0
450,0.0,0.0,0.0
451,0.0,0.0,0.0
452,0.0,0.0,0.0
453,0.0,0.0,0.0
454,0.0,0.0,0.0
456,0.0,0.0,0.0
457,0.0,0.0,0.0
458,0.0,0.0,0.0
459,0.0,0.0,0.0
460,0.0,0.0,0.0
461,0.0,0.0,0.0
462,0.0,0.0,0.0
463,0.0,0.0,0.0
464,0.0,0.0,0.0
465,0.0,0.0,0.0
466,0.0,0.0,0.0
468,0.0,0.0,0.0
469,0.0,0.0,0.0
470,0.0,1.0,0.0
471,1.0,1.0,3.0
472,1.0,1.0,3.0
473,1.0,3.0,3.0
474,3.0,3.0,2.0
475,3.0,3.0,2.0
476,3.0,2.0,2.0
477,2.0,1.0,1.0
478,1.0,1.0,3.0
480,0.0,0.0,0.0
481,0.0,0.0,0.0
482,0.0,0.0,0.0
483,0.0,0.0,0.0
484,0.0,0.0,0.0
485,0.0,1.0,0.0
486,1.0,2.0,3.0
487,2.0,1.0,1.0
488,1.0,1.0,3.0
489,1.0,3.0,3.0
490,3.0,2.0,2.0
492,0.0,0.0,0.0
493,0.0,0.0,0.0
494,0.0,0.0,0.0
495,0.0,0.0,0.0
496,0.0,0.0,0.0
497,0.0,0.0,0.0
498,0.0,0.0,0.0
499,0.0,0.0,0.0
500,0.0,0.0,0.0
501,0.0,0.0,0.0
502,0.0,0.0,0.0
504,0.0,0.0,0.0
505,0.0,0.0,0.0
506,0.0,0.0,0.0
507,0.0,0.0,0.0
508,0.0,0.0,0.0
509,0.0,0.0,0.0
510,0.0,0.0,0.0
511,0.0,0.0,0.0
512,0.0,0.0,0.0
513,0.0,0.0,0.0
514,0.0,0.0,0.0
516,0.0,0.0,0.0
517,0.0,0.0,0.0
518,0.0,0.0,0.0
519,0.0,0.0,0.0
520,0.0,0.0,0.0
521,0.0,0.0,0.0
522,0.0,0.0,0.0
523,0.0,0.0,0.0
524,0.0,0.0,0.0
525,0.0,0.0,0.0
526,0.0,0.0,0.0
528,0.0,0.0,0.0
529,0.0,0.0,0.0
530,0.0,0.0,0.0
531,0.0,0.0,0.0
532,0.0,0.0,0.0
533,0.0,0.0,0.0
534,0.0,0.0,0.0
535,0.0,0.0,0.0
536,0.0,0.0,0.0
537,0.0,0.0,0.0
538,0.0,0.0,0.0
540,0.0,0.0,0.0
541,0.0,0.0,0.0
542,0.0,0.0,0.0
543,0.0,0.0,0.0
544,0.0,0.0,0.0
545,0.0,0.0,0.0
546,0.0,0.0,0.0
547,0.0,0.0,0.0
548,0.0,0.0,0.0
549,0.0,0.0,0.0
550,0.0,0.0,0.0
552,0.0,0.0,0.0
553,0.0,0.0,0.0
554,0.0,0.0,0.0
555,0.0,0.0,0.0
556,0.0,0.0,0.0
557,0.0,0.0,0.0
558,0.0,0.0,0.0
559,0.0,0.0,0.0
560,0.0,0.0,0.0
561,0.0,0.0,0.0
562,0.0,0.0,0.0
564,1.0,3.0,3.0
565,3.0,3.0,2.0
566,3.0,3.0,2.0
567,3.0,2.0,2.0
568,2.0,1.0,1.0
569,1.0,3.0,3.0
570,3.0,2.0,2.0
571,2.0,3.0,1.0
572,3.0,2.0,2.0
573,2.0,1.0,1.0
574,1.0,3.0,3.0
576,0.0,0.0,0.0
577,0.0,0.0,0.0
578,0.0,0.0,0.0
579,0.0,0.0,0.0
580,0.0,0.0,0.0
581,0.0,0.0,0.0
582,0.0,0.0,0.0
583,0.0,0.0,0.0
584,0.0,0.0,0.0
585,0.0,0.0,0.0
586,0.0,0.0,0.0
588,0.0,0.0,0.0
589,0.0,0.0,0.0
590,0.0,0.0,0.0
591,0.0,0.0,0.0
592,0.0,0.0,0.0
593,0.0,0.0,0.0
594,0.0,0.0,0.0
595,0.0,0.0,0.0
596,0.0,0.0,0.0
597,0.0,0.0,0.0
598,0.0,0.0,0.0
600,0.0,0.0,0.0
601,0.0,0.0,0.0
602,0.0,0.0,0.0
603,0.0,0.0,0.0
604,0.0,0.0,0.0
605,0.0,0.0,0.0
606,0.0,0.0,0.0
607,0.0,0.0,0.0
608,0.0,0.0,0.0
609,0.0,0.0,0.0
610,0.0,0.0,0.0
612,0.0,0.0,0.0
613,0.0,0.0,0.0
614,0.0,0.0,0.0
615,0.0,0.0,0.0
616,0.0,0.0,0.0
617,0.0,0.0,0.0
618,0.0,0.0,0.0
619,0.0,0.0,0.0
620,0.0,0.0,0.0
621,0.0,0.0,0.0
622,0.0,0.0,0.0
624,0.0,0.0,0.0
625,0.0,0.0,0.0
626,0.0,0.0,0.0
627,0.0,0.0,0.0
628,0.0,0.0,0.0
629,0.0,0.0,0.0
630,0.0,0.0,0.0
631,0.0,0.0,0.0
632,0.0,0.0,0.0
633,0.0,0.0,0.0
634,0.0,0.0,0.0
636,0.0,0.0,0.0
637,0.0,0.0,0.0
638,0.0,0.0,0.0
639,0.0,0.0,0.0
640,0.0,0.0,0.0
641,0.0,0.0,0.0
642,0.0,0.0,0.0
643,0.0,0.0,0.0
644,0.0,0.0,0.0
645,0.0,0.0,0.0
646,0.0,0.0,0.0
648,0.0,0.0,0.0
649,0.0,0.0,0.0
650,0.0,0.0,0.0
651,0.0,0.0,0.0
652,0.0,0.0,0.0
653,0.0,0.0,0.0
654,0.0,0.0,0.0
655,0.0,1.0,0.0
656,1.0,3.0,3.0
657,3.0,3.0,2.0
658,3.0,2.0,2.0
660,0.0,0.0,0.0
661,0.0,0.0,0.0
662,0.0,0.0,0.0
663,0.0,0.0,0.0
664,0.0,0.0,0.0
665,0.0,0.0,0.0
666,0.0,0.0,0.0
667,0.0,0.0,0.0
668,0.0,0.0,0.0
669,0.0,0.0,0.0
670,0.0,0.0,0.0
672,0.0,0.0,0.0
673,0.0,0.0,0.0
674,0.0,0.0,0.0
675,0.0,0.0,0.0
676,0.0,0.0,0.0
677,0.0,0.0,0.0
678,0.0,0.0,0.0
679,0.0,0.0,0.0
680,0.0,0.0,0.0
681,0.0,0.0,0.0
682,0.0,0.0,0.0
684,0.0,0.0,0.0
685,0.0,1.0,0.0
686,1.0,1.0,3.0
687,1.0,1.0,3.0
688,1.0,2.0,3.0
689,2.0,3.0,1.0
690,3.0,3.0,2.0
691,3.0,3.0,2.0
692,3.0,3.0,2.0
693,3.0,2.0,2.0
694,2.0,1.0,1.0
696,0.0,0.0,0.0
697,0.0,0.0,0.0
698,0.0,0.0,0.0
699,0.0,0.0,0.0
700,0.0,0.0,0.0
701,0.0,0.0,0.0
702,0.0,0.0,0.0
703,0.0,0.0,0.0
704,0.0,1.0,0.0
705,1.0,3.0,3.0
706,3.0,2.0,2.0
708,0.0,0.0,0.0
709,0.0,0.0,0.0
710,0.0,0.0,0.0
711,0.0,0.0,0.0
712,0.0,0.0,0.0
713,0.0,0.0,0.0
714,0.0,0.0,0.0
715,0.0,0.0,0.0
716,0.0,0.0,0.0
717,0.0,0.0,0.0
718,0.0,0.0,0.0
720,0.0,0.0,0.0
721,0.0,0.0,0.0
722,0.0,0.0,0.0
723,0.0,0.0,0.0
724,0.0,0.0,0.0
725,0.0,0.0,0.0
726,0.0,0.0,0.0
727,0.0,0.0,0.0
728,0.0,0.0,0.0
729,0.0,0.0,0.0
730,0.0,0.0,0.0
732,0.0,0.0,0.0
733,0.0,1.0,0.0
734,1.0,3.0,3.0
735,3.0,3.0,2.0
736,3.0,3.0,2.0
737,3.0,3.0,2.0
738,3.0,3.0,2.0
739,3.0,3.0,2.0
740,3.0,3.0,2.0
741,3.0,2.0,2.0
742,2.0,3.0,1.0
744,0.0,0.0,0.0
745,0.0,0.0,0.0
746,0.0,0.0,0.0
747,0.0,0.0,0.0
748,0.0,0.0,0.0
749,0.0,0.0,0.0
750,0.0,0.0,0.0
751,0.0,0.0,0.0
752,0.0,0.0,0.0
753,0.0,0.0,0.0
754,0.0,0.0,0.0
756,0.0,0.0,0.0
757,0.0,0.0,0.0
758,0.0,0.0,0.0
759,0.0,0.0,0.0
760,0.0,0.0,0.0
761,0.0,0.0,0.0
762,0.0,0.0,0.0
763,0.0,0.0,0.0
764,0.0,0.0,0.0
765,0.0,0.0,0.0
766,0.0,0.0,0.0
768,0.0,0.0,0.0
769,0.0,0.0,0.0
770,0.0,0.0,0.0
771,0.0,0.0,0.0
772,0.0,0.0,0.0
773,0.0,0.0,0.0
774,0.0,0.0,0.0
775,0.0,0.0,0.0
776,0.0,0.0,0.0
777,0.0,0.0,0.0
778,0.0,0.0,0.0
780,0.0,0.0,0.0
781,0.0,0.0,0.0
782,0.0,0.0,0.0
783,0.0,0.0,0.0
784,0.0,0.0,0.0
785,0.0,0.0,0.0
786,0.0,0.0,0.0
787,0.0,0.0,0.0
788,0.0,0.0,0.0
789,0.0,0.0,0.0
790,0.0,0.0,0.0
792,0.0,0.0,0.0
793,0.0,0.0,0.0
794,0.0,0.0,0.0
795,0.0,0.0,0.0
796,0.0,0.0,0.0
797,0.0,0.0,0.0
798,0.0,0.0,0.0
799,0.0,0.0,0.0
800,0.0,0.0,0.0
801,0.0,0.0,0.0
802,0.0,0.0,0.0
804,0.0,0.0,0.0
805,0.0,0.0,0.0
806,0.0,0.0,0.0
807,0.0,0.0,0.0
808,0.0,0.0,0.0
809,0.0,0.0,0.0
810,0.0,0.0,0.0
811,0.0,0.0,0.0
812,0.0,0.0,0.0
813,0.0,0.0,0.0
814,0.0,0.0,0.0
816,0.0,0.0,0.0
817,0.0,0.0,0.0
818,0.0,0.0,0.0
819,0.0,0.0,0.0
820,0.0,1.0,0.0
821,1.0,3.0,3.0
822,3.0,2.0,2.0
823,2.0,1.0,1.0
824,1.0,3.0,3.0
825,3.0,2.0,2.0
826,2.0,1.0,1.0
828,0.0,0.0,0.0
829,0.0,0.0,0.0
830,0.0,1.0,0.0
831,1.0,2.0,3.0
832,2.0,2.0,1.0
833,2.0,1.0,1.0
834,1.0,3.0,3.0
835,3.0,3.0,2.0
836,3.0,3.0,2.0
837,3.0,2.0,2.0
838,2.0,1.0,1.0
840,0.0,0.0,0.0
841,0.0,0.0,0.0
842,0.0,0.0,0.0
843,0.0,0.0,0.0
844,0.0,0.0,0.0
845,0.0,0.0,0.0
846,0.0,0.0,0.0
847,0.0,0.0,0.0
848,0.0,0.0,0.0
849,0.0,0.0,0.0
850,0.0,0.0,0.0
852,0.0,0.0,0.0
853,0.0,0.0,0.0
854,0.0,0.0,0.0
855,0.0,0.0,0.0
856,0.0,0.0,0.0
857,0.0,0.0,0.0
858,0.0,0.0,0.0
859,0.0,0.0,0.0
860,0.0,0.0,0.0
861,0.0,0.0,0.0
862,0.0,0.0,0.0
864,0.0,0.0,0.0
865,0.0,0.0,0.0
866,0.0,0.0,0.0
867,0.0,0.0,0.0
868,0.0,0.0,0.0
869,0.0,0.0,0.0
870,0.0,0.0,0.0
871,0.0,0.0,0.0
872,0.0,0.0,0.0
873,0.0,0.0,0.0
874,0.0,0.0,0.0
876,0.0,0.0,0.0
877,0.0,1.0,0.0
878,1.0,2.0,3.0
879,2.0,3.0,1.0
880,3.0,3.0,2.0
881,3.0,3.0,2.0
882,3.0,3.0,2.0
883,3.0,2.0,2.0
884,2.0,3.0,1.0
885,3.0,2.0,2.0
886,2.0,1.0,1.0
888,0.0,0.0,0.0
889,0.0,0.0,0.0
890,0.0,0.0,0.0
891,0.0,0.0,0.0
892,0.0,1.0,0.0
893,1.0,3.0,3.0
894,3.0,3.0,2.0
895,3.0,2.0,2.0
896,2.0,1.0,1.0
897,1.0,2.0,3.0
898,2.0,3.0,1.0
900,0.0,0.0,0.0
901,0.0,0.0,0.0
902,0.0,0.0,0.0
903,0.0,0.0,0.0
904,0.0,0.0,0.0
905,0.0,0.0,0.0
906,0.0,0.0,0.0
907,0.0,0.0,0.0
908,0.0,0.0,0.0
909,0.0,0.0,0.0
910,0.0,0.0,0.0
912,0.0,0.0,0.0
913,0.0,0.0,0.0
914,0.0,0.0,0.0
915,0.0,1.0,0.0
916,1.0,2.0,3.0
917,2.0,1.0,1.0
918,1.0,2.0,3.0
919,2.0,1.0,1.0
920,1.0,3.0,3.0
921,3.0,3.0,2.0
922,3.0,2.0,2.0
924,0.0,0.0,0.0
925,0.0,0.0,0.0
926,0.0,0.0,0.0
927,0.0,0.0,0.0
928,0.0,0.0,0.0
929,0.0,0.0,0.0
930,0.0,0.0,0.0
931,0.0,0.0,0.0
932,0.0,0.0,0.0
933,0.0,0.0,0.0
934,0.0,0.0,0.0
936,0.0,0.0,0.0
937,0.0,0.0,0.0
938,0.0,0.0,0.0
939,0.0,0.0,0.0
940,0.0,0.0,0.0
941,0.0,0.0,0.0
942,0.0,0.0,0.0
943,0.0,0.0,0.0
944,0.0,0.0,0.0
945,0.0,0.0,0.0
946,0.0,0.0,0.0
948,0.0,0.0,0.0
949,0.0,0.0,0.0
950,0.0,0.0,0.0
951,0.0,0.0,0.0
952,0.0,0.0,0.0
953,0.0,0.0,0.0
954,0.0,0.0,0.0
955,0.0,0.0,0.0
956,0.0,0.0,0.0
957,0.0,0.0,0.0
958,0.0,0.0,0.0
960,0.0,0.0,0.0
961,0.0,0.0,0.0
962,0.0,0.0,0.0
963,0.0,0.0,0.0
964,0.0,0.0,0.0
965,0.0,0.0,0.0
966,0.0,0.0,0.0
967,0.0,0.0,0.0
968,0.0,0.0,0.0
969,0.0,0.0,0.0
970,0.0,0.0,0.0
972,0.0,0.0,0.0
973,0.0,0.0,0.0
974,0.0,0.0,0.0
975,0.0,1.0,0.0
976,1.0,1.0,3.0
977,1.0,0.0,3.0
978,0.0,0.0,0.0
979,0.0,0.0,0.0
980,0.0,0.0,0.0
981,0.0,1.0,0.0
982,1.0,2.0,3.0
984,0.0,0.0,0.0
985,0.0,0.0,0.0
986,0.0,0.0,0.0
987,0.0,0.0,0.0
988,0.0,0.0,0.0
989,0.0,0.0,0.0
990,0.0,0.0,0.0
991,0.0,0.0,0.0
992,0.0,0.0,0.0
993,0.0,0.0,0.0
994,0.0,0.0,0.0
996,0.0,0.0,0.0
997,0.0,0.0,0.0
998,0.0,0.0,0.0
999,0.0,0.0,0.0
1000,0.0,0.0,0.0
1001,0.0,0.0,0.0
1002,0.0,0.0,0.0
1003,0.0,0.0,0.0
1004,0.0,0.0,0.0
1005,0.0,0.0,0.0
1006,0.0,0.0,0.0
1008,0.0,0.0,0.0
1009,0.0,0.0,0.0
1010,0.0,0.0,0.0
1011,0.0,0.0,0.0
1012,0.0,0.0,0.0
1013,0.0,0.0,0.0
1014,0.0,0.0,0.0
1015,0.0,0.0,0.0
1016,0.0,0.0,0.0
1017,0.0,0.0,0.0
1018,0.0,0.0,0.0
1020,0.0,0.0,0.0
1021,0.0,0.0,0.0
1022,0.0,0.0,0.0
1023,0.0,0.0,0.0
1024,0.0,0.0,0.0
1025,0.0,0.0,0.0
1026,0.0,1.0,0.0
1027,1.0,1.0,3.0
1028,1.0,0.0,3.0
1029,0.0,0.0,0.0
1030,0.0,0.0,0.0
1032,0.0,0.0,0.0
1033,0.0,0.0,0.0
1034,0.0,0.0,0.0
1035,0.0,0.0,0.0
1036,0.0,0.0,0.0
1037,0.0,0.0,0.0
1038,0.0,0.0,0.0
1039,0.0,0.0,0.0
1040,0.0,0.0,0.0
1041,0.0,0.0,0.0
1042,0.0,0.0,0.0
1044,0.0,0.0,0.0
1045,0.0,0.0,0.0
1046,0.0,0.0,0.0
1047,0.0,0.0,0.0
1048,0.0,0.0,0.0
1049,0.0,0.0,0.0
1050,0.0,0.0,0.0
1051,0.0,0.0,0.0
1052,0.0,0.0,0.0
1053,0.0,0.0,0.0
1054,0.0,0.0,0.0
1056,0.0,0.0,0.0
1057,0.0,0.0,0.0
1058,0.0,0.0,0.0
1059,0.0,0.0,0.0
1060,0.0,0.0,0.0
1061,0.0,0.0,0.0
1062,0.0,0.0,0.0
1063,0.0,0.0,0.0
1064,0.0,0.0,0.0
1065,0.0,0.0,0.0
1066,0.0,0.0,0.0
1068,0.0,0.0,0.0
1069,0.0,0.0,0.0
1070,0.0,0.0,0.0
1071,0.0,1.0,0.0
1072,1.0,0.0,3.0
1073,0.0,0.0,0.0
1074,0.0,0.0,0.0
1075,0.0,1.0,0.0
1076,1.0,1.0,3.0
1077,1.0,1.0,3.0
1078,1.0,3.0,3.0
1080,0.0,0.0,0.0
1081,0.0,0.0,0.0
1082,0.0,0.0,0.0
1083,0.0,0.0,0.0
1084,0.0,0.0,0.0
1085,0.0,0.0,0.0
1086,0.0,0.0,0.0
1087,0.0,0.0,0.0
1088,0.0,0.0,0.0
1089,0.0,0.0,0.0
1090,0.0,0.0,0.0
1092,0.0,0.0,0.0
1093,0.0,0.0,0.0
1094,0.0,0.0,0.0
1095,0.0,0.0,0.0
1096,0.0,0.0,0.0
1097,0.0,0.0,0.0
1098,0.0,0.0,0.0
1099,0.0,0.0,0.0
1100,0.0,0.0,0.0
1101,0.0,0.0,0.0
1102,0.0,0.0,0.0
1104,0.0,0.0,0.0
1105,0.0,0.0,0.0
1106,0.0,0.0,0.0
1107,0.0,0.0,0.0
1108,0.0,0.0,0.0
1109,0.0,0.0,0.0
1110,0.0,0.0,0.0
1111,0.0,0.0,0.0
1112,0.0,0.0,0.0
1113,0.0,0.0,0.0
1114,0.0,1.0,0.0
1116,0.0,0.0,0.0
1117,0.0,0.0,0.0
1118,0.0,0.0,0.0
1119,0.0,0.0,0.0
1120,0.0,0.0,0.0
1121,0.0,0.0,0.0
1122,0.0,0.0,0.0
1123,0.0,0.0,0.0
1124,0.0,0.0,0.0
1125,0.0,0.0,0.0
1126,0.0,0.0,0.0
1128,0.0,0.0,0.0
1129,0.0,0.0,0.0
1130,0.0,0.0,0.0
1131,0.0,0.0,0.0
1132,0.0,0.0,0.0
1133,0.0,0.0,0.0
1134,0.0,0.0,0.0
1135,0.0,0.0,0.0
1136,0.0,0.0,0.0
1137,0.0,0.0,0.0
1138,0.0,0.0,0.0
1140,0.0,0.0,0.0
1141,0.0,0.0,0.0
1142,0.0,0.0,0.0
1143,0.0,0.0,0.0
1144,0.0,0.0,0.0
1145,0.0,0.0,0.0
1146,0.0,0.0,0.0
1147,0.0,0.0,0.0
1148,0.0,0.0,0.0
1149,0.0,0.0,0.0
1150,0.0,0.0,0.0
1152,0.0,1.0,0.0
1153,1.0,3.0,3.0
1154,3.0,3.0,2.0
1155,3.0,3.0,2.0
1156,3.0,3.0,2.0
1157,3.0,2.0,2.0
1158,2.0,1.0,1.0
1159,1.0,3.0,3.0
1160,3.0,2.0,2.0
1161,2.0,1.0,1.0
1162,1.0,3.0,3.0
1164,0.0,0.0,0.0
1165,0.0,0.0,0.0
1166,0.0,0.0,0.0
1167,0.0,0.0,0.0
1168,0.0,0.0,0.0
1169,0.0,0.0,0.0
1170,0.0,0.0,0.0
1171,0.0,0.0,0.0
1172,0.0,0.0,0.0
1173,0.0,0.0,0.0
1174,0.0,0.0,0.0
1176,0.0,0.0,0.0
1177,0.0,0.0,0.0
1178,0.0,0.0,0.0
1179,0.0,0.0,0.0
1180,0.0,0.0,0.0
1181,0.0,0.0,0.0
1182,0.0,0.0,0.0
1183,0.0,0.0,0.0
1184,0.0,0.0,0.0
1185,0.0,0.0,0.0
1186,0.0,0.0,0.0
1188,0.0,0.0,0.0
1189,0.0,0.0,0.0
1190,0.0,0.0,0.0
1191,0.0,0.0,0.0
1192,0.0,0.0,0.0
1193,0.0,0.0,0.0
1194,0.0,0.0,0.0
1195,0.0,0.0,0.0
1196,0.0,0.0,0.0
1197,0.0,0.0,0.0
1198,0.0,0.0,0.0
