Unnamed: 0,cust,grade,t,y,y_next
1,1,0,1,0,0.0
2,1,0,2,0,0.0
3,1,0,3,0,0.0
4,1,0,4,0,0.0
5,1,0,5,0,0.0
6,1,0,6,0,0.0
7,1,0,7,0,0.0
8,1,0,8,0,0.0
9,1,0,9,0,0.0
10,1,0,10,0,0.0
11,1,0,11,0,0.0
13,2,0,1,0,0.0
14,2,0,2,0,0.0
15,2,0,3,0,0.0
16,2,0,4,0,0.0
17,2,0,5,0,0.0
18,2,0,6,0,0.0
19,2,0,7,0,0.0
20,2,0,8,0,0.0
21,2,0,9,0,0.0
22,2,0,10,0,0.0
23,2,0,11,0,0.0
25,3,1,1,0,0.0
26,3,1,2,0,0.0
27,3,1,3,0,0.0
28,3,1,4,0,0.0
29,3,1,5,0,0.0
30,3,1,6,0,0.0
31,3,1,7,0,0.0
32,3,1,8,0,0.0
33,3,1,9,0,0.0
34,3,1,10,0,0.0
35,3,1,11,0,0.0
37,4,1,1,0,0.0
38,4,1,2,0,0.0
39,4,1,3,0,0.0
40,4,1,4,0,0.0
41,4,1,5,0,0.0
42,4,1,6,0,0.0
43,4,1,7,0,0.0
44,4,1,8,0,0.0
45,4,1,9,0,0.0
46,4,1,10,0,0.0
47,4,1,11,0,0.0
49,5,0,1,0,0.0
50,5,0,2,0,0.0
51,5,0,3,0,0.0
52,5,0,4,0,0.0
53,5,0,5,0,0.0
54,5,0,6,0,0.0
55,5,0,7,0,0.0
56,5,0,8,0,0.0
57,5,0,9,0,0.0
58,5,0,10,0,0.0
59,5,0,11,0,0.0
61,6,0,1,0,0.0
62,6,0,2,0,0.0
63,6,0,3,0,0.0
64,6,0,4,0,1.0
65,6,0,5,1,3.0
66,6,0,6,3,3.0
67,6,0,7,3,3.0
68,6,0,8,3,2.0
69,6,0,9,2,1.0
70,6,0,10,1,3.0
71,6,0,11,3,3.0
73,7,1,1,0,0.0
74,7,1,2,0,0.0
75,7,1,3,0,0.0
76,7,1,4,0,0.0
77,7,1,5,0,0.0
78,7,1,6,0,0.0
79,7,1,7,0,0.0
80,7,1,8,0,0.0
81,7,1,9,0,0.0
82,7,1,10,0,0.0
83,7,1,11,0,0.0
85,8,0,1,0,0.0
86,8,0,2,0,0.0
87,8,0,3,0,0.0
88,8,0,4,0,0.0
89,8,0,5,0,0.0
90,8,0,6,0,0.0
91,8,0,7,0,0.0
92,8,0,8,0,0.0
93,8,0,9,0,0.0
94,8,0,10,0,0.0
95,8,0,11,0,0.0
97,9,0,1,0,0.0
98,9,0,2,0,0.0
99,9,0,3,0,0.0
100,9,0,4,0,1.0
101,9,0,5,1,3.0
102,9,0,6,3,3.0
103,9,0,7,3,3.0
104,9,0,8,3,2.0
105,9,0,9,2,1.0
106,9,0,10,1,3.0
107,9,0,11,3,2.0
109,10,1,1,0,0.0
110,10,1,2,0,0.0
111,10,1,3,0,0.0
112,10,1,4,0,0.0
113,10,1,5,0,0.0
114,10,1,6,0,0.0
115,10,1,7,0,0.0
116,10,1,8,0,0.0
117,10,1,9,0,0.0
118,10,1,10,0,0.0
119,10,1,11,0,0.0
121,11,1,1,0,0.0
122,11,1,2,0,0.0
123,11,1,3,0,0.0
124,11,1,4,0,0.0
125,11,1,5,0,0.0
126,11,1,6,0,0.0
127,11,1,7,0,0.0
128,11,1,8,0,0.0
129,11,1,9,0,0.0
130,11,1,10,0,1.0
131,11,1,11,1,2.0
133,12,1,1,0,0.0
134,12,1,2,0,0.0
135,12,1,3,0,0.0
136,12,1,4,0,0.0
137,12,1,5,0,0.0
138,12,1,6,0,0.0
139,12,1,7,0,0.0
140,12,1,8,0,0.0
141,12,1,9,0,0.0
142,12,1,10,0,0.0
143,12,1,11,0,0.0
145,13,1,1,0,0.0
146,13,1,2,0,0.0
147,13,1,3,0,0.0
148,13,1,4,0,0.0
149,13,1,5,0,0.0
150,13,1,6,0,0.0
151,13,1,7,0,0.0
152,13,1,8,0,0.0
153,13,1,9,0,0.0
154,13,1,10,0,0.0
155,13,1,11,0,0.0
157,14,1,1,0,0.0
158,14,1,2,0,0.0
159,14,1,3,0,0.0
160,14,1,4,0,0.0
161,14,1,5,0,0.0
162,14,1,6,0,0.0
163,14,1,7,0,0.0
164,14,1,8,0,0.0
165,14,1,9,0,0.0
166,14,1,10,0,0.0
167,14,1,11,0,0.0
169,15,1,1,0,0.0
170,15,1,2,0,0.0
171,15,1,3,0,0.0
172,15,1,4,0,0.0
173,15,1,5,0,0.0
174,15,1,6,0,0.0
175,15,1,7,0,0.0
176,15,1,8,0,0.0
177,15,1,9,0,0.0
178,15,1,10,0,0.0
179,15,1,11,0,0.0
181,16,0,1,0,0.0
182,16,0,2,0,0.0
183,16,0,3,0,0.0
184,16,0,4,0,0.0
185,16,0,5,0,0.0
186,16,0,6,0,0.0
187,16,0,7,0,0.0
188,16,0,8,0,0.0
189,16,0,9,0,0.0
190,16,0,10,0,0.0
191,16,0,11,0,0.0
193,17,0,1,0,0.0
194,17,0,2,0,0.0
195,17,0,3,0,0.0
196,17,0,4,0,0.0
197,17,0,5,0,0.0
198,17,0,6,0,0.0
199,17,0,7,0,0.0
200,17,0,8,0,0.0
201,17,0,9,0,0.0
202,17,0,10,0,0.0
203,17,0,11,0,0.0
205,18,1,1,0,0.0
206,18,1,2,0,0.0
207,18,1,3,0,0.0
208,18,1,4,0,0.0
209,18,1,5,0,0.0
210,18,1,6,0,0.0
211,18,1,7,0,0.0
212,18,1,8,0,0.0
213,18,1,9,0,0.0
214,18,1,10,0,0.0
215,18,1,11,0,0.0
217,19,1,1,0,0.0
218,19,1,2,0,0.0
219,19,1,3,0,0.0
220,19,1,4,0,0.0
221,19,1,5,0,0.0
222,19,1,6,0,0.0
223,19,1,7,0,0.0
224,19,1,8,0,0.0
225,19,1,9,0,0.0
226,19,1,10,0,0.0
227,19,1,11,0,0.0
229,20,1,1,0,0.0
230,20,1,2,0,0.0
231,20,1,3,0,0.0
232,20,1,4,0,0.0
233,20,1,5,0,0.0
234,20,1,6,0,0.0
235,20,1,7,0,0.0
236,20,1,8,0,0.0
237,20,1,9,0,0.0
238,20,1,10,0,0.0
239,20,1,11,0,0.0
241,21,0,1,0,0.0
242,21,0,2,0,0.0
243,21,0,3,0,0.0
244,21,0,4,0,0.0
245,21,0,5,0,0.0
246,21,0,6,0,0.0
247,21,0,7,0,0.0
248,21,0,8,0,0.0
249,21,0,9,0,0.0
250,21,0,10,0,0.0
251,21,0,11,0,0.0
253,22,1,1,0,0.0
254,22,1,2,0,0.0
255,22,1,3,0,0.0
256,22,1,4,0,0.0
257,22,1,5,0,0.0
258,22,1,6,0,0.0
259,22,1,7,0,0.0
260,22,1,8,0,0.0
261,22,1,9,0,0.0
262,22,1,10,0,0.0
263,22,1,11,0,0.0
265,23,0,1,0,0.0
266,23,0,2,0,0.0
267,23,0,3,0,0.0
268,23,0,4,0,0.0
269,23,0,5,0,0.0
270,23,0,6,0,0.0
271,23,0,7,0,0.0
272,23,0,8,0,0.0
273,23,0,9,0,0.0
274,23,0,10,0,0.0
275,23,0,11,0,0.0
277,24,1,1,0,0.0
278,24,1,2,0,0.0
279,24,1,3,0,0.0
280,24,1,4,0,0.0
281,24,1,5,0,0.0
282,24,1,6,0,0.0
283,24,1,7,0,0.0
284,24,1,8,0,0.0
285,24,1,9,0,0.0
286,24,1,10,0,0.0
287,24,1,11,0,0.0
289,25,1,1,0,0.0
290,25,1,2,0,0.0
291,25,1,3,0,0.0
292,25,1,4,0,0.0
293,25,1,5,0,0.0
294,25,1,6,0,0.0
295,25,1,7,0,0.0
296,25,1,8,0,0.0
297,25,1,9,0,0.0
298,25,1,10,0,0.0
299,25,1,11,0,0.0
301,26,1,1,0,0.0
302,26,1,2,0,0.0
303,26,1,3,0,1.0
304,26,1,4,1,3.0
305,26,1,5,3,2.0
306,26,1,6,2,1.0
307,26,1,7,1,2.0
308,26,1,8,2,1.0
309,26,1,9,1,2.0
310,26,1,10,2,1.0
311,26,1,11,1,3.0
313,27,0,1,0,1.0
314,27,0,2,1,2.0
315,27,0,3,2,2.0
316,27,0,4,2,1.0
317,27,0,5,1,1.0
318,27,0,6,1,3.0
319,27,0,7,3,3.0
320,27,0,8,3,2.0
321,27,0,9,2,3.0
322,27,0,10,3,2.0
323,27,0,11,2,1.0
325,28,1,1,0,0.0
326,28,1,2,0,0.0
327,28,1,3,0,0.0
328,28,1,4,0,0.0
329,28,1,5,0,0.0
330,28,1,6,0,0.0
331,28,1,7,0,0.0
332,28,1,8,0,0.0
333,28,1,9,0,0.0
334,28,1,10,0,0.0
335,28,1,11,0,0.0
337,29,1,1,0,0.0
338,29,1,2,0,0.0
339,29,1,3,0,0.0
340,29,1,4,0,0.0
341,29,1,5,0,0.0
342,29,1,6,0,0.0
343,29,1,7,0,0.0
344,29,1,8,0,0.0
345,29,1,9,0,0.0
346,29,1,10,0,0.0
347,29,1,11,0,0.0
349,30,0,1,0,0.0
350,30,0,2,0,0.0
351,30,0,3,0,0.0
352,30,0,4,0,0.0
353,30,0,5,0,0.0
354,30,0,6,0,0.0
355,30,0,7,0,1.0
356,30,0,8,1,3.0
357,30,0,9,3,3.0
358,30,0,10,3,3.0
359,30,0,11,3,3.0
361,31,0,1,0,0.0
362,31,0,2,0,0.0
363,31,0,3,0,0.0
364,31,0,4,0,0.0
365,31,0,5,0,0.0
366,31,0,6,0,0.0
367,31,0,7,0,1.0
368,31,0,8,1,1.0
369,31,0,9,1,3.0
370,31,0,10,3,3.0
371,31,0,11,3,2.0
373,32,0,1,0,0.0
374,32,0,2,0,0.0
375,32,0,3,0,0.0
376,32,0,4,0,0.0
377,32,0,5,0,0.0
378,32,0,6,0,0.0
379,32,0,7,0,0.0
380,32,0,8,0,0.0
381,32,0,9,0,0.0
382,32,0,10,0,0.0
383,32,0,11,0,0.0
385,33,1,1,0,0.0
386,33,1,2,0,0.0
387,33,1,3,0,1.0
388,33,1,4,1,1.0
389,33,1,5,1,3.0
390,33,1,6,3,3.0
391,33,1,7,3,3.0
392,33,1,8,3,3.0
393,33,1,9,3,3.0
394,33,1,10,3,2.0
395,33,1,11,2,1.0
397,34,1,1,0,0.0
398,34,1,2,0,0.0
399,34,1,3,0,0.0
400,34,1,4,0,0.0
401,34,1,5,0,0.0
402,34,1,6,0,0.0
403,34,1,7,0,0.0
404,34,1,8,0,0.0
405,34,1,9,0,0.0
406,34,1,10,0,0.0
407,34,1,11,0,0.0
409,35,1,1,0,0.0
410,35,1,2,0,0.0
411,35,1,3,0,0.0
412,35,1,4,0,0.0
413,35,1,5,0,0.0
414,35,1,6,0,0.0
415,35,1,7,0,0.0
416,35,1,8,0,0.0
417,35,1,9,0,0.0
418,35,1,10,0,0.0
419,35,1,11,0,0.0
421,36,1,1,0,0.0
422,36,1,2,0,0.0
423,36,1,3,0,0.0
424,36,1,4,0,0.0
425,36,1,5,0,0.0
426,36,1,6,0,0.0
427,36,1,7,0,0.0
428,36,1,8,0,0.0
429,36,1,9,0,0.0
430,36,1,10,0,0.0
431,36,1,11,0,0.0
433,37,1,1,0,0.0
434,37,1,2,0,0.0
435,37,1,3,0,0.0
436,37,1,4,0,0.0
437,37,1,5,0,0.0
438,37,1,6,0,1.0
439,37,1,7,1,3.0
440,37,1,8,3,3.0
441,37,1,9,3,2.0
442,37,1,10,2,3.0
443,37,1,11,3,2.0
445,38,0,1,0,0.0
446,38,0,2,0,0.0
447,38,0,3,0,0.0
448,38,0,4,0,0.0
449,38,0,5,0,0.0
450,38,0,6,0,0.0
451,38,0,7,0,0.0
452,38,0,8,0,0.0
453,38,0,9,0,0.0
454,38,0,10,0,0.0
455,38,0,11,0,0.0
457,39,0,1,0,0.0
458,39,0,2,0,0.0
459,39,0,3,0,0.0
460,39,0,4,0,0.0
461,39,0,5,0,0.0
462,39,0,6,0,0.0
463,39,0,7,0,0.0
464,39,0,8,0,0.0
465,39,0,9,0,0.0
466,39,0,10,0,0.0
467,39,0,11,0,0.0
469,40,1,1,0,0.0
470,40,1,2,0,0.0
471,40,1,3,0,1.0
472,40,1,4,1,1.0
473,40,1,5,1,1.0
474,40,1,6,1,3.0
475,40,1,7,3,3.0
476,40,1,8,3,3.0
477,40,1,9,3,2.0
478,40,1,10,2,1.0
479,40,1,11,1,1.0
481,41,0,1,0,0.0
482,41,0,2,0,0.0
483,41,0,3,0,0.0
484,41,0,4,0,0.0
485,41,0,5,0,0.0
486,41,0,6,0,1.0
487,41,0,7,1,2.0
488,41,0,8,2,1.0
489,41,0,9,1,1.0
490,41,0,10,1,3.0
491,41,0,11,3,2.0
493,42,1,1,0,0.0
494,42,1,2,0,0.0
495,42,1,3,0,0.0
496,42,1,4,0,0.0
497,42,1,5,0,0.0
498,42,1,6,0,0.0
499,42,1,7,0,0.0
500,42,1,8,0,0.0
501,42,1,9,0,0.0
502,42,1,10,0,0.0
503,42,1,11,0,0.0
505,43,0,1,0,0.0
506,43,0,2,0,0.0
507,43,0,3,0,0.0
508,43,0,4,0,0.0
509,43,0,5,0,0.0
510,43,0,6,0,0.0
511,43,0,7,0,0.0
512,43,0,8,0,0.0
513,43,0,9,0,0.0
514,43,0,10,0,0.0
515,43,0,11,0,0.0
517,44,1,1,0,0.0
518,44,1,2,0,0.0
519,44,1,3,0,0.0
520,44,1,4,0,0.0
521,44,1,5,0,0.0
522,44,1,6,0,0.0
523,44,1,7,0,0.0
524,44,1,8,0,0.0
525,44,1,9,0,0.0
526,44,1,10,0,0.0
527,44,1,11,0,0.0
529,45,1,1,0,0.0
530,45,1,2,0,0.0
531,45,1,3,0,0.0
532,45,1,4,0,0.0
533,45,1,5,0,0.0
534,45,1,6,0,0.0
535,45,1,7,0,0.0
536,45,1,8,0,0.0
537,45,1,9,0,0.0
538,45,1,10,0,0.0
539,45,1,11,0,0.0
541,46,1,1,0,0.0
542,46,1,2,0,0.0
543,46,1,3,0,0.0
544,46,1,4,0,0.0
545,46,1,5,0,0.0
546,46,1,6,0,0.0
547,46,1,7,0,0.0
548,46,1,8,0,0.0
549,46,1,9,0,0.0
550,46,1,10,0,0.0
551,46,1,11,0,0.0
553,47,0,1,0,0.0
554,47,0,2,0,0.0
555,47,0,3,0,0.0
556,47,0,4,0,0.0
557,47,0,5,0,0.0
558,47,0,6,0,0.0
559,47,0,7,0,0.0
560,47,0,8,0,0.0
561,47,0,9,0,0.0
562,47,0,10,0,0.0
563,47,0,11,0,0.0
565,48,0,1,1,3.0
566,48,0,2,3,3.0
567,48,0,3,3,3.0
568,48,0,4,3,2.0
569,48,0,5,2,1.0
570,48,0,6,1,3.0
571,48,0,7,3,2.0
572,48,0,8,2,3.0
573,48,0,9,3,2.0
574,48,0,10,2,1.0
575,48,0,11,1,3.0
577,49,1,1,0,0.0
578,49,1,2,0,0.0
579,49,1,3,0,0.0
580,49,1,4,0,0.0
581,49,1,5,0,0.0
582,49,1,6,0,0.0
583,49,1,7,0,0.0
584,49,1,8,0,0.0
585,49,1,9,0,0.0
586,49,1,10,0,0.0
587,49,1,11,0,0.0
589,50,1,1,0,0.0
590,50,1,2,0,0.0
591,50,1,3,0,0.0
592,50,1,4,0,0.0
593,50,1,5,0,0.0
594,50,1,6,0,0.0
595,50,1,7,0,0.0
596,50,1,8,0,0.0
597,50,1,9,0,0.0
598,50,1,10,0,0.0
599,50,1,11,0,0.0
601,51,1,1,0,0.0
602,51,1,2,0,0.0
603,51,1,3,0,0.0
604,51,1,4,0,0.0
605,51,1,5,0,0.0
606,51,1,6,0,0.0
607,51,1,7,0,0.0
608,51,1,8,0,0.0
609,51,1,9,0,0.0
610,51,1,10,0,0.0
611,51,1,11,0,0.0
613,52,1,1,0,0.0
614,52,1,2,0,0.0
615,52,1,3,0,0.0
616,52,1,4,0,0.0
617,52,1,5,0,0.0
618,52,1,6,0,0.0
619,52,1,7,0,0.0
620,52,1,8,0,0.0
621,52,1,9,0,0.0
622,52,1,10,0,0.0
623,52,1,11,0,0.0
625,53,1,1,0,0.0
626,53,1,2,0,0.0
627,53,1,3,0,0.0
628,53,1,4,0,0.0
629,53,1,5,0,0.0
630,53,1,6,0,0.0
631,53,1,7,0,0.0
632,53,1,8,0,0.0
633,53,1,9,0,0.0
634,53,1,10,0,0.0
635,53,1,11,0,0.0
637,54,1,1,0,0.0
638,54,1,2,0,0.0
639,54,1,3,0,0.0
640,54,1,4,0,0.0
641,54,1,5,0,0.0
642,54,1,6,0,0.0
643,54,1,7,0,0.0
644,54,1,8,0,0.0
645,54,1,9,0,0.0
646,54,1,10,0,0.0
647,54,1,11,0,0.0
649,55,1,1,0,0.0
650,55,1,2,0,0.0
651,55,1,3,0,0.0
652,55,1,4,0,0.0
653,55,1,5,0,0.0
654,55,1,6,0,0.0
655,55,1,7,0,0.0
656,55,1,8,0,1.0
657,55,1,9,1,3.0
658,55,1,10,3,3.0
659,55,1,11,3,2.0
661,56,1,1,0,0.0
662,56,1,2,0,0.0
663,56,1,3,0,0.0
664,56,1,4,0,0.0
665,56,1,5,0,0.0
666,56,1,6,0,0.0
667,56,1,7,0,0.0
668,56,1,8,0,0.0
669,56,1,9,0,0.0
670,56,1,10,0,0.0
671,56,1,11,0,0.0
673,57,1,1,0,0.0
674,57,1,2,0,0.0
675,57,1,3,0,0.0
676,57,1,4,0,0.0
677,57,1,5,0,0.0
678,57,1,6,0,0.0
679,57,1,7,0,0.0
680,57,1,8,0,0.0
681,57,1,9,0,0.0
682,57,1,10,0,0.0
683,57,1,11,0,0.0
685,58,1,1,0,0.0
686,58,1,2,0,1.0
687,58,1,3,1,1.0
688,58,1,4,1,1.0
689,58,1,5,1,2.0
690,58,1,6,2,3.0
691,58,1,7,3,3.0
692,58,1,8,3,3.0
693,58,1,9,3,3.0
694,58,1,10,3,2.0
695,58,1,11,2,1.0
697,59,1,1,0,0.0
698,59,1,2,0,0.0
699,59,1,3,0,0.0
700,59,1,4,0,0.0
701,59,1,5,0,0.0
702,59,1,6,0,0.0
703,59,1,7,0,0.0
704,59,1,8,0,0.0
705,59,1,9,0,1.0
706,59,1,10,1,3.0
707,59,1,11,3,2.0
709,60,0,1,0,0.0
710,60,0,2,0,0.0
711,60,0,3,0,0.0
712,60,0,4,0,0.0
713,60,0,5,0,0.0
714,60,0,6,0,0.0
715,60,0,7,0,0.0
716,60,0,8,0,0.0
717,60,0,9,0,0.0
718,60,0,10,0,0.0
719,60,0,11,0,0.0
721,61,0,1,0,0.0
722,61,0,2,0,0.0
723,61,0,3,0,0.0
724,61,0,4,0,0.0
725,61,0,5,0,0.0
726,61,0,6,0,0.0
727,61,0,7,0,0.0
728,61,0,8,0,0.0
729,61,0,9,0,0.0
730,61,0,10,0,0.0
731,61,0,11,0,0.0
733,62,0,1,0,0.0
734,62,0,2,0,1.0
735,62,0,3,1,3.0
736,62,0,4,3,3.0
737,62,0,5,3,3.0
738,62,0,6,3,3.0
739,62,0,7,3,3.0
740,62,0,8,3,3.0
741,62,0,9,3,3.0
742,62,0,10,3,2.0
743,62,0,11,2,3.0
745,63,1,1,0,0.0
746,63,1,2,0,0.0
747,63,1,3,0,0.0
748,63,1,4,0,0.0
749,63,1,5,0,0.0
750,63,1,6,0,0.0
751,63,1,7,0,0.0
752,63,1,8,0,0.0
753,63,1,9,0,0.0
754,63,1,10,0,0.0
755,63,1,11,0,0.0
757,64,1,1,0,0.0
758,64,1,2,0,0.0
759,64,1,3,0,0.0
760,64,1,4,0,0.0
761,64,1,5,0,0.0
762,64,1,6,0,0.0
763,64,1,7,0,0.0
764,64,1,8,0,0.0
765,64,1,9,0,0.0
766,64,1,10,0,0.0
767,64,1,11,0,0.0
769,65,1,1,0,0.0
770,65,1,2,0,0.0
771,65,1,3,0,0.0
772,65,1,4,0,0.0
773,65,1,5,0,0.0
774,65,1,6,0,0.0
775,65,1,7,0,0.0
776,65,1,8,0,0.0
777,65,1,9,0,0.0
778,65,1,10,0,0.0
779,65,1,11,0,0.0
781,66,0,1,0,0.0
782,66,0,2,0,0.0
783,66,0,3,0,0.0
784,66,0,4,0,0.0
785,66,0,5,0,0.0
786,66,0,6,0,0.0
787,66,0,7,0,0.0
788,66,0,8,0,0.0
789,66,0,9,0,0.0
790,66,0,10,0,0.0
791,66,0,11,0,0.0
793,67,1,1,0,0.0
794,67,1,2,0,0.0
795,67,1,3,0,0.0
796,67,1,4,0,0.0
797,67,1,5,0,0.0
798,67,1,6,0,0.0
799,67,1,7,0,0.0
800,67,1,8,0,0.0
801,67,1,9,0,0.0
802,67,1,10,0,0.0
803,67,1,11,0,0.0
805,68,1,1,0,0.0
806,68,1,2,0,0.0
807,68,1,3,0,0.0
808,68,1,4,0,0.0
809,68,1,5,0,0.0
810,68,1,6,0,0.0
811,68,1,7,0,0.0
812,68,1,8,0,0.0
813,68,1,9,0,0.0
814,68,1,10,0,0.0
815,68,1,11,0,0.0
817,69,0,1,0,0.0
818,69,0,2,0,0.0
819,69,0,3,0,0.0
820,69,0,4,0,0.0
821,69,0,5,0,1.0
822,69,0,6,1,3.0
823,69,0,7,3,2.0
824,69,0,8,2,1.0
825,69,0,9,1,3.0
826,69,0,10,3,2.0
827,69,0,11,2,1.0
829,70,0,1,0,0.0
830,70,0,2,0,0.0
831,70,0,3,0,1.0
832,70,0,4,1,2.0
833,70,0,5,2,2.0
834,70,0,6,2,1.0
835,70,0,7,1,3.0
836,70,0,8,3,3.0
837,70,0,9,3,3.0
838,70,0,10,3,2.0
839,70,0,11,2,1.0
841,71,1,1,0,0.0
842,71,1,2,0,0.0
843,71,1,3,0,0.0
844,71,1,4,0,0.0
845,71,1,5,0,0.0
846,71,1,6,0,0.0
847,71,1,7,0,0.0
848,71,1,8,0,0.0
849,71,1,9,0,0.0
850,71,1,10,0,0.0
851,71,1,11,0,0.0
853,72,1,1,0,0.0
854,72,1,2,0,0.0
855,72,1,3,0,0.0
856,72,1,4,0,0.0
857,72,1,5,0,0.0
858,72,1,6,0,0.0
859,72,1,7,0,0.0
860,72,1,8,0,0.0
861,72,1,9,0,0.0
862,72,1,10,0,0.0
863,72,1,11,0,0.0
865,73,1,1,0,0.0
866,73,1,2,0,0.0
867,73,1,3,0,0.0
868,73,1,4,0,0.0
869,73,1,5,0,0.0
870,73,1,6,0,0.0
871,73,1,7,0,0.0
872,73,1,8,0,0.0
873,73,1,9,0,0.0
874,73,1,10,0,0.0
875,73,1,11,0,0.0
877,74,1,1,0,0.0
878,74,1,2,0,1.0
879,74,1,3,1,2.0
880,74,1,4,2,3.0
881,74,1,5,3,3.0
882,74,1,6,3,3.0
883,74,1,7,3,3.0
884,74,1,8,3,2.0
885,74,1,9,2,3.0
886,74,1,10,3,2.0
887,74,1,11,2,1.0
889,75,0,1,0,0.0
890,75,0,2,0,0.0
891,75,0,3,0,0.0
892,75,0,4,0,0.0
893,75,0,5,0,1.0
894,75,0,6,1,3.0
895,75,0,7,3,3.0
896,75,0,8,3,2.0
897,75,0,9,2,1.0
898,75,0,10,1,2.0
899,75,0,11,2,3.0
901,76,0,1,0,0.0
902,76,0,2,0,0.0
903,76,0,3,0,0.0
904,76,0,4,0,0.0
905,76,0,5,0,0.0
906,76,0,6,0,0.0
907,76,0,7,0,0.0
908,76,0,8,0,0.0
909,76,0,9,0,0.0
910,76,0,10,0,0.0
911,76,0,11,0,0.0
913,77,1,1,0,0.0
914,77,1,2,0,0.0
915,77,1,3,0,0.0
916,77,1,4,0,1.0
917,77,1,5,1,2.0
918,77,1,6,2,1.0
919,77,1,7,1,2.0
920,77,1,8,2,1.0
921,77,1,9,1,3.0
922,77,1,10,3,3.0
923,77,1,11,3,2.0
925,78,1,1,0,0.0
926,78,1,2,0,0.0
927,78,1,3,0,0.0
928,78,1,4,0,0.0
929,78,1,5,0,0.0
930,78,1,6,0,0.0
931,78,1,7,0,0.0
932,78,1,8,0,0.0
933,78,1,9,0,0.0
934,78,1,10,0,0.0
935,78,1,11,0,0.0
937,79,1,1,0,0.0
938,79,1,2,0,0.0
939,79,1,3,0,0.0
940,79,1,4,0,0.0
941,79,1,5,0,0.0
942,79,1,6,0,0.0
943,79,1,7,0,0.0
944,79,1,8,0,0.0
945,79,1,9,0,0.0
946,79,1,10,0,0.0
947,79,1,11,0,0.0
949,80,0,1,0,0.0
950,80,0,2,0,0.0
951,80,0,3,0,0.0
952,80,0,4,0,0.0
953,80,0,5,0,0.0
954,80,0,6,0,0.0
955,80,0,7,0,0.0
956,80,0,8,0,0.0
957,80,0,9,0,0.0
958,80,0,10,0,0.0
959,80,0,11,0,0.0
961,81,1,1,0,0.0
962,81,1,2,0,0.0
963,81,1,3,0,0.0
964,81,1,4,0,0.0
965,81,1,5,0,0.0
966,81,1,6,0,0.0
967,81,1,7,0,0.0
968,81,1,8,0,0.0
969,81,1,9,0,0.0
970,81,1,10,0,0.0
971,81,1,11,0,0.0
973,82,1,1,0,0.0
974,82,1,2,0,0.0
975,82,1,3,0,0.0
976,82,1,4,0,1.0
977,82,1,5,1,1.0
978,82,1,6,1,0.0
979,82,1,7,0,0.0
980,82,1,8,0,0.0
981,82,1,9,0,0.0
982,82,1,10,0,1.0
983,82,1,11,1,2.0
985,83,1,1,0,0.0
986,83,1,2,0,0.0
987,83,1,3,0,0.0
988,83,1,4,0,0.0
989,83,1,5,0,0.0
990,83,1,6,0,0.0
991,83,1,7,0,0.0
992,83,1,8,0,0.0
993,83,1,9,0,0.0
994,83,1,10,0,0.0
995,83,1,11,0,0.0
997,84,1,1,0,0.0
998,84,1,2,0,0.0
999,84,1,3,0,0.0
1000,84,1,4,0,0.0
1001,84,1,5,0,0.0
1002,84,1,6,0,0.0
1003,84,1,7,0,0.0
1004,84,1,8,0,0.0
1005,84,1,9,0,0.0
1006,84,1,10,0,0.0
1007,84,1,11,0,0.0
1009,85,1,1,0,0.0
1010,85,1,2,0,0.0
1011,85,1,3,0,0.0
1012,85,1,4,0,0.0
1013,85,1,5,0,0.0
1014,85,1,6,0,0.0
1015,85,1,7,0,0.0
1016,85,1,8,0,0.0
1017,85,1,9,0,0.0
1018,85,1,10,0,0.0
1019,85,1,11,0,0.0
1021,86,1,1,0,0.0
1022,86,1,2,0,0.0
1023,86,1,3,0,0.0
1024,86,1,4,0,0.0
1025,86,1,5,0,0.0
1026,86,1,6,0,0.0
1027,86,1,7,0,1.0
1028,86,1,8,1,1.0
1029,86,1,9,1,0.0
1030,86,1,10,0,0.0
1031,86,1,11,0,0.0
1033,87,1,1,0,0.0
1034,87,1,2,0,0.0
1035,87,1,3,0,0.0
1036,87,1,4,0,0.0
1037,87,1,5,0,0.0
1038,87,1,6,0,0.0
1039,87,1,7,0,0.0
1040,87,1,8,0,0.0
1041,87,1,9,0,0.0
1042,87,1,10,0,0.0
1043,87,1,11,0,0.0
1045,88,1,1,0,0.0
1046,88,1,2,0,0.0
1047,88,1,3,0,0.0
1048,88,1,4,0,0.0
1049,88,1,5,0,0.0
1050,88,1,6,0,0.0
1051,88,1,7,0,0.0
1052,88,1,8,0,0.0
1053,88,1,9,0,0.0
1054,88,1,10,0,0.0
1055,88,1,11,0,0.0
1057,89,0,1,0,0.0
1058,89,0,2,0,0.0
1059,89,0,3,0,0.0
1060,89,0,4,0,0.0
1061,89,0,5,0,0.0
1062,89,0,6,0,0.0
1063,89,0,7,0,0.0
1064,89,0,8,0,0.0
1065,89,0,9,0,0.0
1066,89,0,10,0,0.0
1067,89,0,11,0,0.0
1069,90,0,1,0,0.0
1070,90,0,2,0,0.0
1071,90,0,3,0,0.0
1072,90,0,4,0,1.0
1073,90,0,5,1,0.0
1074,90,0,6,0,0.0
1075,90,0,7,0,0.0
1076,90,0,8,0,1.0
1077,90,0,9,1,1.0
1078,90,0,10,1,1.0
1079,90,0,11,1,3.0
1081,91,1,1,0,0.0
1082,91,1,2,0,0.0
1083,91,1,3,0,0.0
1084,91,1,4,0,0.0
1085,91,1,5,0,0.0
1086,91,1,6,0,0.0
1087,91,1,7,0,0.0
1088,91,1,8,0,0.0
1089,91,1,9,0,0.0
1090,91,1,10,0,0.0
1091,91,1,11,0,0.0
1093,92,1,1,0,0.0
1094,92,1,2,0,0.0
1095,92,1,3,0,0.0
1096,92,1,4,0,0.0
1097,92,1,5,0,0.0
1098,92,1,6,0,0.0
1099,92,1,7,0,0.0
1100,92,1,8,0,0.0
1101,92,1,9,0,0.0
1102,92,1,10,0,0.0
1103,92,1,11,0,0.0
1105,93,1,1,0,0.0
1106,93,1,2,0,0.0
1107,93,1,3,0,0.0
1108,93,1,4,0,0.0
1109,93,1,5,0,0.0
1110,93,1,6,0,0.0
1111,93,1,7,0,0.0
1112,93,1,8,0,0.0
1113,93,1,9,0,0.0
1114,93,1,10,0,0.0
1115,93,1,11,0,1.0
1117,94,1,1,0,0.0
1118,94,1,2,0,0.0
1119,94,1,3,0,0.0
1120,94,1,4,0,0.0
1121,94,1,5,0,0.0
1122,94,1,6,0,0.0
1123,94,1,7,0,0.0
1124,94,1,8,0,0.0
1125,94,1,9,0,0.0
1126,94,1,10,0,0.0
1127,94,1,11,0,0.0
1129,95,1,1,0,0.0
1130,95,1,2,0,0.0
1131,95,1,3,0,0.0
1132,95,1,4,0,0.0
1133,95,1,5,0,0.0
1134,95,1,6,0,0.0
1135,95,1,7,0,0.0
1136,95,1,8,0,0.0
1137,95,1,9,0,0.0
1138,95,1,10,0,0.0
1139,95,1,11,0,0.0
1141,96,1,1,0,0.0
1142,96,1,2,0,0.0
1143,96,1,3,0,0.0
1144,96,1,4,0,0.0
1145,96,1,5,0,0.0
1146,96,1,6,0,0.0
1147,96,1,7,0,0.0
1148,96,1,8,0,0.0
1149,96,1,9,0,0.0
1150,96,1,10,0,0.0
1151,96,1,11,0,0.0
1153,97,0,1,0,1.0
1154,97,0,2,1,3.0
1155,97,0,3,3,3.0
1156,97,0,4,3,3.0
1157,97,0,5,3,3.0
1158,97,0,6,3,2.0
1159,97,0,7,2,1.0
1160,97,0,8,1,3.0
1161,97,0,9,3,2.0
1162,97,0,10,2,1.0
1163,97,0,11,1,3.0
1165,98,0,1,0,0.0
1166,98,0,2,0,0.0
1167,98,0,3,0,0.0
1168,98,0,4,0,0.0
1169,98,0,5,0,0.0
1170,98,0,6,0,0.0
1171,98,0,7,0,0.0
1172,98,0,8,0,0.0
1173,98,0,9,0,0.0
1174,98,0,10,0,0.0
1175,98,0,11,0,0.0
1177,99,1,1,0,0.0
1178,99,1,2,0,0.0
1179,99,1,3,0,0.0
1180,99,1,4,0,0.0
1181,99,1,5,0,0.0
1182,99,1,6,0,0.0
1183,99,1,7,0,0.0
1184,99,1,8,0,0.0
1185,99,1,9,0,0.0
1186,99,1,10,0,0.0
1187,99,1,11,0,0.0
1189,100,1,1,0,0.0
1190,100,1,2,0,0.0
1191,100,1,3,0,0.0
1192,100,1,4,0,0.0
1193,100,1,5,0,0.0
1194,100,1,6,0,0.0
1195,100,1,7,0,0.0
1196,100,1,8,0,0.0
1197,100,1,9,0,0.0
1198,100,1,10,0,0.0
1199,100,1,11,0,0.0
